{"text": " Hey, Victor, how is it going today?", "segments": [{"id": 0, "seek": 0, "start": 0.0, "end": 2.16, "text": " Hey, Victor, how is it going today?", "tokens": [50364, 1911, 11, 15777, 11, 577, 307, 309, 516, 965, 30, 50472], "temperature": 0.0, "avg_logprob": -0.3477021364065317, "compression_ratio": 0.813953488372093, "no_speech_prob": 0.0022242816630750895}], "language": "en"}